Workbook

Sheet vendas
A1: Data Fechamento | B1: 46174 | C1: 46175 | D1: 46176 | E1: 46178
B2: =B1 -> 46174 | C2: =C1 -> 46175 | D2: =D1 -> 46176 | E2: =E1 -> 46178
A3: Peso buffet | B3: 114.758 | C3: 100.508 | D3: 108.407 | E3: 60.4
A4: Peso sobremesa | B4: 7.861 | C4: 7.997 | D4: 13.464 | E4: 8.105
A5: Clientes | B5: 222 | C5: 190 | D5: 199 | E5: 104
A6: Dinheiro | B6: =[1]Plan1!DU6+[2]Plan1!DU6 -> 317.74 | C6: =[1]Plan1!DV6+[2]Plan1!DV6 -> 153.6 | D6: =[1]Plan1!DW6+[2]Plan1!DW6 -> 440.22 | E6: =[1]Plan1!DX6+[2]Plan1!DX6 -> 478.97
A7: Cheques | B7: =[1]Plan1!DU7+[2]Plan1!DU7 -> 0 | C7: =[1]Plan1!DV7+[2]Plan1!DV7 -> 0 | D7: =[1]Plan1!DW7+[2]Plan1!DW7 -> 0 | E7: =[1]Plan1!DX7+[2]Plan1!DX7 -> 0
A8: Cartões
A10: Redecard crédito | B10: =[1]Plan1!DU10+[2]Plan1!DU10 -> 5941.74 | C10: =[1]Plan1!DV10+[2]Plan1!DV10 -> 4909.04 | D10: =[1]Plan1!DW10+[2]Plan1!DW10 -> 6343.73 | E10: =[1]Plan1!DX10+[2]Plan1!DX10 -> 3408.63
A11: Redecard debito | B11: =[1]Plan1!DU11+[2]Plan1!DU11 -> 1750.73 | C11: =[1]Plan1!DV11+[2]Plan1!DV11 -> 2080.62 | D11: =[1]Plan1!DW11+[2]Plan1!DW11 -> 2628.98 | E11: =[1]Plan1!DX11+[2]Plan1!DX11 -> 1933.54
A12: Cielo Visa Credito | B12: =[1]Plan1!DU12+[2]Plan1!DU12 -> 19.9 | C12: =[1]Plan1!DV12+[2]Plan1!DV12 -> 0 | D12: =[1]Plan1!DW12+[2]Plan1!DW12 -> 92.01 | E12: =[1]Plan1!DX12+[2]Plan1!DX12 -> 0
A13: Cielo Visa Débito | B13: =[1]Plan1!DU13+[2]Plan1!DU13 -> 0 | C13: =[1]Plan1!DV13+[2]Plan1!DV13 -> 0 | D13: =[1]Plan1!DW13+[2]Plan1!DW13 -> 189.18 | E13: =[1]Plan1!DX13+[2]Plan1!DX13 -> 0
B14: =SUM(B10:B13) -> 7712.37 | C14: =SUM(C10:C13) -> 6989.66 | D14: =SUM(D10:D13) -> 9253.9 | E14: =SUM(E10:E13) -> 5342.17
A17: Tickets
A19: Tr eletronico | B19: =[1]Plan1!DU19+[2]Plan1!DU19 -> 3354.61 | C19: =[1]Plan1!DV19+[2]Plan1!DV19 -> 1125.06 | D19: =[1]Plan1!DW19+[2]Plan1!DW19 -> 1160.6 | E19: =[1]Plan1!DX19+[2]Plan1!DX19 -> 268.52
A20: Planvale | B20: =[1]Plan1!DU20+[2]Plan1!DU20 -> 0 | C20: =[1]Plan1!DV20+[2]Plan1!DV20 -> 133.17 | D20: =[1]Plan1!DW20+[2]Plan1!DW20 -> 39.22 | E20: =[1]Plan1!DX20+[2]Plan1!DX20 -> 56.09
A21: Alello | B21: =[1]Plan1!DU21+[2]Plan1!DU21 -> 694.89 | C21: =[1]Plan1!DV21+[2]Plan1!DV21 -> 1452.37 | D21: =[1]Plan1!DW21+[2]Plan1!DW21 -> 559.88 | E21: =[1]Plan1!DX21+[2]Plan1!DX21 -> 190.36
A22: sodexo | B22: =[1]Plan1!DU22+[2]Plan1!DU22 -> 352.17 | C22: =[1]Plan1!DV22+[2]Plan1!DV22 -> 659.47 | D22: =[1]Plan1!DW22+[2]Plan1!DW22 -> 113.77 | E22: =[1]Plan1!DX22+[2]Plan1!DX22 -> 238.05
A23: Vr | B23: =[1]Plan1!DU23+[2]Plan1!DU23 -> 58.84 | C23: =[1]Plan1!DV23+[2]Plan1!DV23 -> 0 | D23: =[1]Plan1!DW23+[2]Plan1!DW23 -> 78.37 | E23: =[1]Plan1!DX23+[2]Plan1!DX23 -> 178.52
A24: Total | B24: =SUM(B19:B23) -> 4460.51 | C24: =SUM(C19:C23) -> 3370.07 | D24: =SUM(D19:D23) -> 1951.84 | E24: =SUM(E19:E23) -> 931.54
A26: PIX
A27: conta corrente | B27: =[1]Plan1!DU27+[2]Plan1!DU27 -> 659.27 | C27: =[1]Plan1!DV27+[2]Plan1!DV27 -> 591.76 | D27: =[1]Plan1!DW27+[2]Plan1!DW27 -> 706.72 | E27: =[1]Plan1!DX27+[2]Plan1!DX27 -> 220.36
A28: maquininha | B28: =[1]Plan1!DU28+[2]Plan1!DU28 -> 0 | C28: =[1]Plan1!DV28+[2]Plan1!DV28 -> 0 | D28: =[1]Plan1!DW28+[2]Plan1!DW28 -> 0 | E28: =[1]Plan1!DX28+[2]Plan1!DX28 -> 0
A30: Penduras
A32: Dia | B32: =[1]Plan1!DU32+[2]Plan1!DU32 -> 198.46 | C32: =[1]Plan1!DV32+[2]Plan1!DV32 -> 233.15 | D32: =[1]Plan1!DW32+[2]Plan1!DW32 -> 294.81 | E32: =[1]Plan1!DX32+[2]Plan1!DX32 -> 266.22
A33: Pagas | B33: =[1]Plan1!DU33+[2]Plan1!DU33 -> 558.95 | C33: =[1]Plan1!DV33+[2]Plan1!DV33 -> 0 | D33: =[1]Plan1!DW33+[2]Plan1!DW33 -> 119.67 | E33: =[1]Plan1!DX33+[2]Plan1!DX33 -> 0
A35: Movimento do dia
A36: Serviço | B36: =[1]Plan1!DU36+[2]Plan1!DU36 -> 0 | C36: =[1]Plan1!DV36+[2]Plan1!DV36 -> 0 | D36: =[1]Plan1!DW36+[2]Plan1!DW36 -> 0 | E36: =[1]Plan1!DX36+[2]Plan1!DX36 -> 0
A37: Real | B37: =[1]Plan1!DU37+[2]Plan1!DU37 -> 12789.4 | C37: =[1]Plan1!DV37+[2]Plan1!DV37 -> 11338.24 | D37: =[1]Plan1!DW37+[2]Plan1!DW37 -> 12527.82 | E37: =[1]Plan1!DX37+[2]Plan1!DX37 -> 7239.26
A38: Sistema | B38: =[1]Plan1!DU38+[2]Plan1!DU38 -> 12781.86 | C38: =[1]Plan1!DV38+[2]Plan1!DV38 -> 11330.57 | D38: =[1]Plan1!DW38+[2]Plan1!DW38 -> 12534.93 | E38: =[1]Plan1!DX38+[2]Plan1!DX38 -> 7258.04
B40: =[1]Plan1!DU40+[2]Plan1!DU40 -> 7.54 | C40: =[1]Plan1!DV40+[2]Plan1!DV40 -> 7.67 | D40: =[1]Plan1!DW40+[2]Plan1!DW40 -> -7.11 | E40: =[1]Plan1!DX40+[2]Plan1!DX40 -> -18.78
A42: Sangria | B42: 250 | C42: 200 | D42: 500 | E42: 400

Sheet aux1
A1: Copiar o fechamento | B1: 46175 | C1: Peso Buf. | D1: Peso Sob. | E1: Entregas | F1: Dinheiro | G1: MasterCard | H1: RedeShop | I1: Visa Cred. | J1: Visa Deb. | K1: Cheques | L1: Tickets | M1: Cvs/E | N1: Cvs/S | O1: Pend.Dia | P1: Pend.Pg. | Q1: Serviço
B2: 46175 | C2: =B3 -> 100.508 | D2: =B4 -> 7.997 | F2: =B6 -> 153.6 | G2: =B10 -> 4909.04 | H2: =B11 -> 2080.62 | I2: =B12 -> 0 | J2: =B13 -> 0 | K2: =B7 -> 0 | L2: =B24 -> 3370.07 | M2: =B27 -> 591.76 | N2: =B28 -> 0 | O2: =B32 -> 233.15 | P2: =B33 -> 0 | Q2: =B36 -> 0
A3: Peso buffet | B3: 100.508
A4: Peso sobremesa | B4: 7.997
B5: 190
A6: Dinheiro | B6: 153.6
A7: Cheques | B7: 0
A8: Cartões
A10: Redecard crédito (amarela) | B10: 4909.04
A11: Redecard debito (amarela) | B11: 2080.62
A12: Cielo Visa Credito | B12: 0
A13: Cielo Visa Débito | B13: 0
B14: 6989.66
A17: Tickets
A19: Tr eletronico | B19: 1125.06
A20: Planvale | B20: 133.17
A21: Alello | B21: 1452.37
A22: Sodexho | B22: 659.47
A23: Vr | B23: 0
A24: Total | B24: 3370.07
A26: Contra-vale
A27: Recebidos | B27: 591.76
A28: Emitidos | B28: 0
A30: Penduras
A32: Dia | B32: 233.15
A33: Pagas | B33: 0
A35: Movimento do dia
A36: Serviço | B36: 0
A37: Real | B37: 11338.24
A38: Sistema | B38: 11330.57
B40: 7.67
B42: 200

Sheet aux2
A1: Copiar o fechamento | B1: =TODAY() -> 46186 | C1: Peso Buf. | D1: Peso Sob. | E1: Entregas | F1: Dinheiro | G1: MasterCard | H1: RedeShop | I1: Visa Cred. | J1: Visa Deb. | K1: Cheques | L1: Tickets | M1: Cvs/E | N1: Cvs/S | O1: Pend.Dia | P1: Pend.Pg. | Q1: Serviço
B2: =B1 -> 46186 | C2: =B3 -> #N/A | D2: =B4 -> #N/A | F2: =B6 -> #N/A | G2: =B10 -> #N/A | H2: =B11 -> #N/A | I2: =B12 -> #N/A | J2: =B13 -> #N/A | K2: =B7 -> #N/A | L2: =B24 -> #N/A | M2: =B27 -> #N/A | N2: =B28 -> #N/A | O2: =B32 -> #N/A | P2: =B33 -> #N/A | Q2: =B36 -> #N/A
A3: Peso buffet | B3: =HLOOKUP($B$1,vendas!$1:$40,3,FALSE()) -> #N/A
A4: Peso sobremesa | B4: =HLOOKUP($B$1,vendas!$1:$40,4,FALSE()) -> #N/A
B5: =HLOOKUP($B$1,vendas!$1:$40,5,FALSE()) -> #N/A
A6: Dinheiro | B6: =HLOOKUP($B$1,vendas!$1:$40,6,FALSE()) -> #N/A
A7: Cheques | B7: =HLOOKUP($B$1,vendas!$1:$40,7,FALSE()) -> #N/A
A10: Redecard crédito (amarela) | B10: =HLOOKUP($B$1,vendas!$1:$40,10,FALSE()) -> #N/A
A11: Redecard debito (amarela) | B11: =HLOOKUP($B$1,vendas!$1:$40,11,FALSE()) -> #N/A
A12: Cielo Visa Credito | B12: =HLOOKUP($B$1,vendas!$1:$40,12,FALSE()) -> #N/A
A13: Cielo Visa Débito | B13: =HLOOKUP($B$1,vendas!$1:$40,13,FALSE()) -> #N/A
B14: =HLOOKUP($B$1,vendas!$1:$40,14,FALSE()) -> #N/A
A19: Tr eletronico | B19: =HLOOKUP($B$1,vendas!$1:$40,19,FALSE()) -> #N/A
A20: Planvale | B20: =HLOOKUP($B$1,vendas!$1:$40,20,FALSE()) -> #N/A
A21: Alello | B21: =HLOOKUP($B$1,vendas!$1:$40,21,FALSE()) -> #N/A
A22: Sodexho | B22: =HLOOKUP($B$1,vendas!$1:$40,22,FALSE()) -> #N/A
A23: Vr | B23: =HLOOKUP($B$1,vendas!$1:$40,23,FALSE()) -> #N/A
A24: Total | B24: =HLOOKUP($B$1,vendas!$1:$40,24,FALSE()) -> #N/A
A27: Recebidos | B27: =HLOOKUP($B$1,vendas!$1:$40,27,FALSE()) -> #N/A
A28: Emitidos | B28: =HLOOKUP($B$1,vendas!$1:$40,28,FALSE()) -> #N/A
A32: Dia | B32: =HLOOKUP($B$1,vendas!$1:$40,32,FALSE()) -> #N/A
A33: Pagas | B33: =HLOOKUP($B$1,vendas!$1:$40,33,FALSE()) -> #N/A
A36: Serviço | B36: =HLOOKUP($B$1,vendas!$1:$40,36,FALSE()) -> #N/A
A37: Real | B37: =HLOOKUP($B$1,vendas!$1:$40,37,FALSE()) -> #N/A
A38: Sistema | B38: =HLOOKUP($B$1,vendas!$1:$40,38,FALSE()) -> #N/A
B40: =HLOOKUP($B$1,vendas!$1:$40,40,FALSE()) -> #N/A

Sheet Plan1
